"","DateTimeUTC","Lat","Long","lc"
"1",2014-08-27 16:51:15,33.68180466,-118.32836914,3
"2",2014-08-27 17:16:15,33.66761017,-118.31410217,3
"3",2014-08-27 17:34:58,33.66157532,-118.30626678,3
"4",2014-08-27 18:01:01,33.64348602,-118.28617096,3
"5",2014-08-27 18:42:22,33.61979294,-118.30073547,3
"6",2014-08-27 19:14:02,33.61502457,-118.30181885,3
"7",2014-08-27 19:27:55,33.60819244,-118.30367279,3
"8",2014-08-27 19:42:04,33.60665894,-118.30732727,3
"9",2014-08-27 19:44:55,33.6059761,-118.30429077,3
"10",2014-08-27 21:14:17,33.64029694,-118.29758453,3
"11",2014-08-27 21:26:13,33.63340378,-118.2964325,3
"12",2014-08-27 21:56:25,33.63665009,-118.29379272,3
"14",2014-08-27 22:55:44,33.64093018,-118.29357147,3
"16",2014-08-27 23:28:10,33.65656662,-118.3015213,3
"17",2014-08-27 23:39:15,33.65953827,-118.30644989,3
"18",2014-08-28 00:34:08,33.65963745,-118.29086304,3
"19",2014-08-28 00:48:17,33.65464401,-118.28988647,3
"20",2014-08-28 01:00:18,33.65319061,-118.29085541,3
"21",2014-08-28 01:11:09,33.65045166,-118.27934265,3
"22",2014-08-28 02:56:44,33.57305145,-118.25926208,3
"23",2014-08-28 03:16:48,33.55971909,-118.23817444,3
"24",2014-08-28 03:49:59,33.55385208,-118.20620728,3
"25",2014-08-28 04:18:04,33.5524826,-118.17946625,3
"26",2014-08-28 07:00:24,33.50543213,-118.05591583,3
"27",2014-08-28 07:28:31,33.5041008,-118.03479767,3
"28",2014-08-28 10:22:50,33.5152359,-117.87838745,3
"29",2014-08-28 10:39:20,33.5200386,-117.87332916,3
"30",2014-08-28 10:56:08,33.51645279,-117.85910797,3
"31",2014-08-28 11:17:09,33.5087471,-117.84210205,3
"32",2014-08-28 11:28:38,33.50161743,-117.83325958,3
"33",2014-08-28 11:48:08,33.49168015,-117.82007599,3
"34",2014-08-28 11:57:23,33.48490524,-117.8164978,3
"35",2014-08-28 12:06:21,33.47989655,-117.81085205,3
"36",2014-08-28 12:39:10,33.45806503,-117.78968811,3
"37",2014-08-28 12:48:57,33.44017792,-117.78833008,3
"38",2014-08-28 13:00:35,33.44153214,-117.77500916,3
"39",2014-08-28 13:10:38,33.43291473,-117.76995087,3
"40",2014-08-28 13:20:13,33.42391205,-117.76455688,3
"41",2014-08-28 13:33:56,33.4125824,-117.75934601,3
"42",2014-08-28 13:45:30,33.40190125,-117.75772858,3
"43",2014-08-28 13:57:47,33.38864899,-117.75639343,3
"44",2014-08-28 14:11:24,33.37763977,-117.75166321,3
"45",2014-08-28 14:30:13,33.36527252,-117.75497437,3
"46",2014-08-28 14:49:12,33.35069275,-117.74303436,3
"47",2014-08-28 15:41:01,33.34202957,-117.69528961,3
"48",2014-08-28 16:09:19,33.34616852,-117.66277313,3
"49",2014-08-28 16:28:57,33.34751129,-117.65687561,3
"50",2014-08-28 16:43:45,33.35134888,-117.65814972,3
"51",2014-08-28 16:47:04,33.34980392,-117.65865326,3
"52",2014-08-28 17:03:11,33.35792542,-117.66143036,3
"53",2014-08-28 17:14:57,33.35794067,-117.66255951,3
"54",2014-08-28 17:17:06,33.35794067,-117.66379547,3
"55",2014-08-28 17:47:41,33.35951996,-117.67098236,3
"56",2014-08-28 17:50:16,33.36071014,-117.67223358,3
"57",2014-08-28 18:09:19,33.36487961,-117.67434692,3
"58",2014-08-28 18:43:10,33.36863327,-117.67596436,3
"59",2014-08-28 18:46:10,33.3692894,-117.67855072,3
"60",2014-08-28 19:04:26,33.37703323,-117.68369293,3
"61",2014-08-28 19:19:19,33.38164139,-117.68195343,3
"62",2014-08-28 20:11:46,33.36501694,-117.67184448,3
"63",2014-08-28 20:17:08,33.36301041,-117.66833496,3
"64",2014-08-28 21:00:58,33.35532379,-117.65531921,3
"65",2014-08-28 21:27:35,33.34854126,-117.65104675,3
"66",2014-08-28 23:41:11,33.34626389,-117.60366058,3
"67",2014-08-29 01:44:32,33.37768173,-117.63005829,3
"68",2014-08-29 01:51:04,33.37744522,-117.62535095,3
"69",2014-08-29 02:18:51,33.36648178,-117.6100235,3
"70",2014-08-29 02:51:45,33.35253143,-117.59165192,3
"71",2014-08-29 03:29:43,33.33842468,-117.57762146,3
"72",2014-08-29 03:39:09,33.33540344,-117.57430267,3
"73",2014-08-29 03:46:42,33.33179092,-117.57112885,3
"74",2014-08-29 04:14:20,33.32462692,-117.56283569,3
"75",2014-08-29 04:52:53,33.31158829,-117.56056976,3
"76",2014-08-29 05:01:43,33.30978012,-117.55738831,3
"77",2014-08-29 05:40:23,33.29714584,-117.54838562,3
"78",2014-08-29 05:56:12,33.29747391,-117.54201508,3
"79",2014-08-29 06:13:16,33.29421616,-117.53655243,3
"80",2014-08-29 06:34:04,33.2885704,-117.53188324,3
"81",2014-08-29 07:08:44,33.27938843,-117.52120209,3
"82",2014-08-29 07:15:09,33.27810287,-117.51914215,3
"83",2014-08-29 07:34:26,33.27345657,-117.5171814,3
"84",2014-08-29 07:59:21,33.26417542,-117.51868439,3
"85",2014-08-29 11:26:04,33.21014404,-117.47786713,3
"86",2014-08-29 11:51:09,33.20022583,-117.47382355,3
"87",2014-08-29 12:08:44,33.19169235,-117.46601868,3
"88",2014-08-29 12:48:43,33.18068314,-117.45828247,3
"89",2014-08-29 13:05:54,33.17526627,-117.45638275,3
"90",2014-08-29 13:23:05,33.17889023,-117.45529938,3
"91",2014-08-29 13:37:30,33.18205643,-117.46109772,3
"92",2014-08-29 13:50:49,33.18202972,-117.46803284,3
"93",2014-08-29 14:06:09,33.18623352,-117.46815491,3
"94",2014-08-29 14:18:20,33.19070053,-117.47536469,3
"95",2014-08-29 14:36:07,33.19569016,-117.48223114,3
"96",2014-08-29 14:58:00,33.20284271,-117.48548889,3
"97",2014-08-29 15:30:06,33.19339752,-117.48382568,3
"98",2014-08-29 15:57:45,33.19702911,-117.49069977,3
"99",2014-08-29 16:41:04,33.19180679,-117.47560883,3
"100",2014-08-29 17:05:57,33.19031525,-117.47421265,3
"102",2014-08-29 17:30:08,33.18700027,-117.47026825,3
"103",2014-08-29 18:27:58,33.17895508,-117.47079468,3
"104",2014-08-29 19:14:48,33.16851044,-117.43429565,3
"105",2014-08-29 20:11:11,33.13866043,-117.40276337,3
"106",2014-08-29 21:09:27,33.10653687,-117.36668396,3
"107",2014-08-29 21:23:20,33.09651184,-117.36967468,3
"108",2014-08-29 22:14:45,33.05289841,-117.35352325,3
"109",2014-08-29 23:34:13,32.99259567,-117.30606079,3
"110",2014-08-29 23:58:34,32.97117996,-117.29934692,3
"111",2014-08-30 00:12:56,32.95861435,-117.29547882,3
"112",2014-08-30 01:23:55,32.89329529,-117.28238678,3
"113",2014-08-30 02:43:01,32.82430649,-117.28325653,3
"114",2014-08-30 03:02:46,32.81871796,-117.30779266,3
"115",2014-08-30 03:30:07,32.799366,-117.30921173,3
"116",2014-08-30 03:38:54,32.79412842,-117.3062439,3
"117",2014-08-30 03:47:49,32.78895569,-117.30271149,3
"118",2014-08-30 04:05:33,32.77954483,-117.29347992,3
"119",2014-08-30 04:11:41,32.77606201,-117.29130554,3
"120",2014-08-30 06:00:45,32.71897125,-117.28395081,3
"121",2014-08-30 06:46:05,32.69411469,-117.27697754,3
"122",2014-08-30 10:44:38,32.57935715,-117.30413055,3
"123",2014-08-30 11:26:04,32.58137512,-117.29077911,3
"124",2014-08-30 11:38:04,32.5831337,-117.29149628,3
"125",2014-08-30 11:46:57,32.58573914,-117.29154205,3
"126",2014-08-30 12:01:12,32.58956528,-117.2960434,3
"127",2014-08-30 13:03:34,32.59730148,-117.34141541,3
"128",2014-08-30 13:23:48,32.59174347,-117.35449219,3
"129",2014-08-30 13:59:25,32.58589554,-117.3344574,3
"130",2014-08-30 14:02:02,32.58401489,-117.33399963,3
"131",2014-08-30 14:19:54,32.57992172,-117.33531952,3
"132",2014-08-30 14:38:10,32.57977295,-117.3309021,3
"133",2014-08-30 14:56:00,32.58311081,-117.32722473,3
"134",2014-08-30 15:09:07,32.57729721,-117.32180786,3
"135",2014-08-30 15:35:34,32.55147171,-117.32237244,3
"136",2014-08-30 15:47:03,32.5412178,-117.32807159,3
"137",2014-08-30 15:56:15,32.53695679,-117.32662964,3
"138",2014-08-30 16:15:14,32.5165062,-117.3363266,3
"139",2014-08-30 16:20:45,32.51171875,-117.33709717,3
"140",2014-08-30 16:36:45,32.50082016,-117.3401947,3
"141",2014-08-30 16:49:59,32.49022675,-117.33811951,3
"142",2014-08-30 17:10:47,32.48038864,-117.33470917,3
"143",2014-08-30 17:26:05,32.48440933,-117.3327713,3
"144",2014-08-30 17:40:54,32.48101044,-117.33033752,3
"145",2014-08-30 17:53:19,32.47912598,-117.32764435,3
"146",2014-08-30 18:20:53,32.47432327,-117.32997131,3
"147",2014-08-30 18:31:34,32.47550201,-117.33017731,3
"148",2014-08-30 19:08:06,32.48302078,-117.33193207,3
"149",2014-08-30 19:30:48,32.47996521,-117.33804321,3
"150",2014-08-30 19:53:04,32.48387146,-117.34275818,3
"151",2014-08-30 20:51:58,32.48728943,-117.34442139,3
"152",2014-08-30 21:22:57,32.48732376,-117.33943176,3
"153",2014-08-30 21:34:04,32.48153305,-117.33685303,3
"154",2014-08-30 21:43:21,32.48034668,-117.33461761,3
"155",2014-08-30 21:47:25,32.47890854,-117.33335876,3
"156",2014-08-30 22:04:55,32.47367859,-117.33419037,3
"157",2014-08-30 22:46:03,32.45963287,-117.33605194,3
"158",2014-08-30 23:04:13,32.4580307,-117.33163452,3
"159",2014-08-30 23:39:56,32.44161224,-117.33450317,3
"160",2014-08-30 23:48:54,32.4408493,-117.33701324,3
"161",2014-08-30 23:52:54,32.43994904,-117.3376236,3
"162",2014-08-30 23:59:25,32.44105148,-117.33929443,3
"163",2014-08-31 00:44:10,32.42690659,-117.3314209,3
"164",2014-08-31 01:14:13,32.41913223,-117.31652832,3
"165",2014-08-31 02:05:15,32.39926147,-117.30471039,3
"166",2014-08-31 02:49:45,32.38869476,-117.27058411,3
"167",2014-08-31 02:55:15,32.39159012,-117.26769257,3
"168",2014-08-31 03:05:55,32.38699722,-117.25933075,3
"169",2014-08-31 03:45:04,32.38088226,-117.24384308,3
"170",2014-08-31 04:05:35,32.37373352,-117.23557281,3
"171",2014-08-31 04:16:40,32.35855865,-117.22914886,3
"172",2014-08-31 06:03:13,32.34778214,-117.21585083,3
"173",2014-08-31 06:29:21,32.34399796,-117.20764923,3
"174",2014-08-31 07:45:31,32.32171249,-117.20491791,3
"175",2014-08-31 07:54:30,32.3241806,-117.20412445,3
"176",2014-08-31 08:18:41,32.32039261,-117.20044708,3
"177",2014-08-31 08:36:36,32.32777786,-117.20004272,3
"178",2014-08-31 08:48:35,32.33315277,-117.20349121,3
"179",2014-08-31 09:05:21,32.3372879,-117.21125031,3
"180",2014-08-31 09:28:28,32.33454895,-117.2246933,3
"181",2014-08-31 10:55:02,32.34290695,-117.26165009,3
"182",2014-08-31 11:18:39,32.34722519,-117.25525665,3
"184",2014-08-31 11:32:12,32.35399628,-117.25358582,3
"185",2014-08-31 11:40:44,32.35574722,-117.25546265,3
"186",2014-08-31 11:56:05,32.36078644,-117.24940491,3
"187",2014-08-31 12:13:44,32.36963272,-117.25104523,3
"188",2014-08-31 12:21:45,32.3723526,-117.25443268,3
"189",2014-08-31 12:48:52,32.36484146,-117.25725555,3
"190",2014-08-31 13:06:44,32.36783218,-117.24656677,3
"191",2014-08-31 13:16:29,32.36081696,-117.24318695,3
"192",2014-08-31 13:23:53,32.3632431,-117.23963165,3
"193",2014-08-31 14:00:47,32.35236359,-117.2543335,3
"194",2014-08-31 14:12:00,32.35339355,-117.26461792,3
"195",2014-08-31 14:37:50,32.35204697,-117.28469849,3
"196",2014-08-31 14:56:47,32.33990479,-117.28662109,3
"197",2014-08-31 15:15:09,32.33205795,-117.27684021,3
"198",2014-08-31 15:27:57,32.32810211,-117.27562714,3
"199",2014-08-31 15:29:58,32.32788086,-117.27223206,3
"200",2014-08-31 15:39:04,32.32024765,-117.26235962,3
"201",2014-08-31 16:27:46,32.35836029,-117.21915436,3
"202",2014-08-31 16:35:03,32.35093307,-117.22040558,3
"203",2014-08-31 17:19:54,32.37889481,-117.25269318,3
"204",2014-08-31 17:28:49,32.3862915,-117.25748444,3
"205",2014-08-31 17:47:56,32.38909531,-117.26189423,3
"206",2014-08-31 17:49:47,32.3893013,-117.26161194,3
"207",2014-08-31 17:52:23,32.38732147,-117.26277924,3
"208",2014-08-31 18:32:44,32.39138031,-117.26702881,3
"209",2014-08-31 19:52:00,32.39305496,-117.27541351,3
"210",2014-08-31 20:32:59,32.41301727,-117.28150177,3
"211",2014-08-31 20:39:22,32.41340637,-117.27534485,3
"212",2014-08-31 20:47:54,32.41508102,-117.27304077,3
"213",2014-08-31 20:56:24,32.41546249,-117.27052307,3
"214",2014-08-31 21:19:28,32.41904449,-117.27751923,3
"215",2014-08-31 21:29:56,32.4187851,-117.28121948,3
"216",2014-08-31 21:36:04,32.42166901,-117.28192902,3
"217",2014-08-31 21:38:34,32.41979599,-117.28505707,3
"218",2014-08-31 21:41:21,32.42249298,-117.2842865,3
"219",2014-08-31 21:54:08,32.42241669,-117.28381348,3
"220",2014-08-31 21:58:29,32.42341614,-117.28432465,3
"221",2014-08-31 22:03:17,32.42367935,-117.27846527,3
"222",2014-08-31 22:08:44,32.42165756,-117.27455139,3
"223",2014-08-31 22:24:06,32.4136467,-117.27213287,3
"224",2014-08-31 22:32:41,32.4146347,-117.27464294,3
"225",2014-08-31 22:44:02,32.41150665,-117.27346802,3
"226",2014-08-31 23:07:51,32.42538071,-117.2808609,3
"227",2014-09-01 01:28:01,32.41389847,-117.30796814,3
"228",2014-09-01 01:35:39,32.41363525,-117.30521393,3
"229",2014-09-01 01:42:08,32.41520309,-117.30525208,3
"230",2014-09-01 02:00:09,32.41505432,-117.29956818,3
"231",2014-09-01 02:08:54,32.41917801,-117.29946136,3
"232",2014-09-01 02:18:32,32.41789246,-117.29878998,3
"233",2014-09-01 02:20:28,32.41818619,-117.2993927,3
"234",2014-09-01 02:24:54,32.41094208,-117.29178619,3
"235",2014-09-01 02:32:32,32.41275406,-117.29415894,3
"236",2014-09-01 03:34:52,32.41020966,-117.27806091,3
"237",2014-09-01 03:39:28,32.42026901,-117.28327942,3
"238",2014-09-01 03:49:24,32.41249084,-117.27097321,3
"239",2014-09-01 03:54:10,32.41166306,-117.26853943,3
"240",2014-09-01 04:22:20,32.40848923,-117.25791931,3
"241",2014-09-01 04:32:29,32.40724945,-117.259758,3
"242",2014-09-01 05:48:09,32.41701508,-117.24625397,3
"243",2014-09-01 07:08:16,32.41994858,-117.27857208,3
"244",2014-09-01 07:19:46,32.41896057,-117.2773819,3
"245",2014-09-01 07:38:00,32.41782379,-117.27780151,3
"246",2014-09-01 07:45:59,32.42181015,-117.27680206,3
"247",2014-09-01 07:56:41,32.42175293,-117.27935028,3
"248",2014-09-01 08:11:01,32.42422867,-117.27990723,3
"249",2014-09-01 08:16:31,32.42634583,-117.27967072,3
"250",2014-09-01 10:36:37,32.42896652,-117.27533722,3
"251",2014-09-01 11:15:26,32.43388748,-117.28591919,3
"252",2014-09-01 11:21:44,32.43484879,-117.28224182,3
"253",2014-09-01 11:37:10,32.44141388,-117.27891541,3
"254",2014-09-01 11:56:09,32.44229507,-117.27885437,3
"255",2014-09-01 12:13:49,32.4414711,-117.2719574,3
"256",2014-09-01 12:40:16,32.44402695,-117.27747345,3
"257",2014-09-01 12:50:01,32.44840622,-117.28270721,3
"258",2014-09-01 13:00:06,32.44948578,-117.28881836,3
"259",2014-09-01 13:08:39,32.44368362,-117.28945923,3
"260",2014-09-01 13:31:01,32.42882538,-117.29631042,3
"261",2014-09-01 13:38:30,32.43050003,-117.30487061,3
"262",2014-09-01 14:03:43,32.43443298,-117.32569122,3
"263",2014-09-01 14:22:52,32.42459106,-117.32479095,3
"264",2014-09-01 14:41:32,32.41842651,-117.32373047,3
"265",2014-09-01 14:44:53,32.41792297,-117.32131195,3
"266",2014-09-01 15:00:10,32.4120903,-117.3212204,3
"267",2014-09-01 15:02:59,32.41025543,-117.32021332,3
"268",2014-09-01 15:15:16,32.40971756,-117.31783295,3
"269",2014-09-01 16:03:53,32.41336823,-117.32601166,3
"270",2014-09-01 16:34:31,32.41255569,-117.33106232,3
"271",2014-09-01 17:24:45,32.43422318,-117.30512238,3
"272",2014-09-01 17:40:39,32.45032501,-117.30238342,3
"273",2014-09-01 17:49:17,32.45672226,-117.2979126,3
"274",2014-09-01 17:59:02,32.46466064,-117.29421234,3
"275",2014-09-01 18:13:47,32.47253036,-117.29150391,3
"276",2014-09-01 18:46:55,32.4823761,-117.27423859,3
"277",2014-09-01 19:42:10,32.48451233,-117.2977829,3
"278",2014-09-01 21:49:53,32.49678421,-117.33586884,3
"279",2014-09-01 22:06:57,32.51250839,-117.3132019,3
"280",2014-09-02 02:11:59,32.51644516,-117.30075073,3
"281",2014-09-02 03:03:34,32.51966476,-117.28996277,3
"282",2014-09-02 03:08:12,32.52143097,-117.28794861,3
"283",2014-09-02 03:12:49,32.51846313,-117.28226471,3
"284",2014-09-02 03:17:09,32.52140427,-117.28318024,3
"285",2014-09-02 03:27:00,32.52117538,-117.27752686,3
"286",2014-09-02 03:40:55,32.51966858,-117.26983643,3
"287",2014-09-02 04:17:31,32.52475357,-117.25527954,3
"288",2014-09-02 04:38:56,32.52098083,-117.24492645,3
"289",2014-09-02 07:40:27,32.57051849,-117.20391083,3
"290",2014-09-02 07:53:06,32.57696533,-117.20607758,3
"291",2014-09-02 07:59:56,32.58584213,-117.19845581,3
"292",2014-09-02 08:06:33,32.58161926,-117.20801544,3
"293",2014-09-02 08:28:24,32.5896225,-117.21343994,3
"294",2014-09-02 09:02:48,32.60253906,-117.22080994,3
"295",2014-09-02 09:22:45,32.60969543,-117.22570801,3
"296",2014-09-02 09:29:02,32.61249542,-117.22733307,3
"297",2014-09-02 09:34:27,32.61180115,-117.23168945,3
"299",2014-09-02 10:07:18,32.61973953,-117.24704742,3
"300",2014-09-02 10:50:24,32.63497543,-117.26389313,3
"301",2014-09-02 10:57:34,32.63267517,-117.26504517,3
"302",2014-09-02 11:32:46,32.64168549,-117.27481842,3
"303",2014-09-02 11:58:08,32.65834045,-117.28913879,3
"304",2014-09-02 12:12:40,32.65633392,-117.29389954,3
"305",2014-09-02 12:17:32,32.66548157,-117.28956604,3
"306",2014-09-02 12:27:47,32.66946793,-117.29112244,3
"307",2014-09-02 13:02:17,32.67942429,-117.30310822,3
"308",2014-09-02 13:07:05,32.68122482,-117.30059814,3
"309",2014-09-02 13:34:32,32.69147491,-117.29817963,3
"310",2014-09-02 13:46:56,32.6934967,-117.30273438,3
"311",2014-09-02 14:02:53,32.69805145,-117.30631256,3
"312",2014-09-02 15:41:15,32.72234344,-117.36422729,3
"313",2014-09-02 16:08:55,32.73173523,-117.35497284,3
"315",2014-09-02 18:23:54,32.71791077,-117.34238434,3
"316",2014-09-02 18:31:50,32.71159744,-117.34238434,3
"317",2014-09-02 18:48:57,32.69918442,-117.33994293,3
"318",2014-09-02 19:00:09,32.69022369,-117.34411621,3
"319",2014-09-02 19:15:56,32.68293381,-117.33763123,3
"320",2014-09-02 19:43:27,32.67746353,-117.33378601,3
"321",2014-09-02 20:10:51,32.66814423,-117.32975006,3
"322",2014-09-02 20:22:57,32.66500092,-117.32830048,3
"323",2014-09-02 20:48:01,32.64842606,-117.32733917,3
"324",2014-09-02 21:02:01,32.64003372,-117.3273468,3
"325",2014-09-02 21:15:52,32.63423538,-117.32688141,3
"326",2014-09-02 21:27:43,32.63117599,-117.33006287,3
"327",2014-09-02 21:53:29,32.62671661,-117.32583618,3
"328",2014-09-02 22:29:06,32.61938477,-117.32783508,3
"329",2014-09-02 23:55:05,32.59934998,-117.32341003,3
"330",2014-09-03 00:04:30,32.59486008,-117.32012177,3
"331",2014-09-03 00:21:41,32.58528137,-117.32073212,3
"332",2014-09-03 01:14:08,32.58564377,-117.31364441,3
"333",2014-09-03 01:24:18,32.58651733,-117.31116486,3
"334",2014-09-03 02:20:00,32.58674622,-117.29631042,3
"335",2014-09-03 02:24:56,32.58583069,-117.29851532,3
"336",2014-09-03 02:31:00,32.5904808,-117.302742,3
"337",2014-09-03 02:59:09,32.59391785,-117.28612518,3
"338",2014-09-03 04:44:05,32.62361145,-117.2833252,3
"339",2014-09-03 05:06:05,32.62871933,-117.28110504,3
"340",2014-09-03 05:12:47,32.6284523,-117.289711,3
"341",2014-09-03 05:42:20,32.64284897,-117.27887726,3
"342",2014-09-03 07:00:30,32.66693878,-117.28371429,3
"343",2014-09-03 07:11:24,32.67101288,-117.28746033,3
"344",2014-09-03 07:33:54,32.6787262,-117.28916931,3
"345",2014-09-03 07:38:57,32.67565536,-117.28218842,3
"346",2014-09-03 07:49:47,32.68349457,-117.2876358,3
"347",2014-09-03 08:06:48,32.69127274,-117.28740692,3
"348",2014-09-03 08:12:37,32.69112015,-117.28900909,3
"349",2014-09-03 08:17:55,32.69420242,-117.28795624,3
"350",2014-09-03 08:24:07,32.69568253,-117.28911591,3
"351",2014-09-03 08:29:36,32.70145416,-117.29006958,3
"352",2014-09-03 09:13:47,32.7192421,-117.29379272,3
"353",2014-09-03 09:25:38,32.72511673,-117.29515076,3
"354",2014-09-03 10:20:27,32.74876404,-117.30289459,3
"355",2014-09-03 11:04:14,32.77346039,-117.30871582,3
"356",2014-09-03 11:55:52,32.80089188,-117.3248291,3
"357",2014-09-03 12:02:54,32.80504608,-117.3242569,3
"358",2014-09-03 12:08:46,32.80891418,-117.32594299,3
"359",2014-09-03 12:51:30,32.82904816,-117.33945465,3
"360",2014-09-03 13:30:21,32.84928894,-117.34934998,3
"361",2014-09-03 13:36:15,32.85167313,-117.35122681,3
"362",2014-09-03 13:42:50,32.85221481,-117.35334015,3
"363",2014-09-03 13:48:40,32.8574028,-117.35656738,3
"364",2014-09-03 13:55:14,32.85988617,-117.35886383,3
"365",2014-09-03 14:28:17,32.87406158,-117.36746979,3
"366",2014-09-03 14:58:58,32.87993622,-117.37479401,3
"367",2014-09-03 15:26:16,32.88967133,-117.38124847,3
"368",2014-09-03 15:58:42,32.89465332,-117.37451172,3
"369",2014-09-03 16:27:52,32.89075089,-117.36161041,3
"370",2014-09-03 16:33:24,32.888134,-117.35910797,3
"371",2014-09-03 17:55:38,32.85705948,-117.32026672,3
"372",2014-09-03 18:45:20,32.82925415,-117.31455994,3
"373",2014-09-03 19:05:31,32.81654739,-117.31604004,3
"374",2014-09-03 19:51:45,32.78811264,-117.31112671,3
"375",2014-09-03 20:45:31,32.74146652,-117.3032074,3
"376",2014-09-03 20:52:43,32.74162674,-117.30430603,3
"377",2014-09-03 21:00:06,32.7445755,-117.3062973,3
"378",2014-09-03 21:06:32,32.74243927,-117.30815125,3
"379",2014-09-03 22:21:24,32.68508911,-117.31260681,3
"380",2014-09-03 22:41:56,32.67326736,-117.31252289,3
"381",2014-09-03 23:00:08,32.66376877,-117.31336212,3
"382",2014-09-03 23:47:35,32.63834381,-117.31033325,3
"383",2014-09-03 23:58:27,32.63274765,-117.31130219,3
"384",2014-09-04 00:08:45,32.62675858,-117.3117981,3
"385",2014-09-04 00:43:52,32.6090889,-117.30535889,3
"386",2014-09-04 00:54:25,32.60282135,-117.30518341,3
"387",2014-09-04 02:36:38,32.54943848,-117.28900909,3
"388",2014-09-04 03:36:45,32.51927185,-117.26644897,3
"389",2014-09-04 03:46:51,32.51647568,-117.26459503,3
"390",2014-09-04 04:33:22,32.49895859,-117.25822449,3
"391",2014-09-04 11:24:02,32.3253212,-117.24195099,3
"392",2014-09-04 11:58:17,32.31204224,-117.23397827,3
"393",2014-09-04 12:52:14,32.28746414,-117.23545074,3
"394",2014-09-04 13:26:35,32.29389572,-117.22615814,3
"395",2014-09-04 13:53:55,32.29413223,-117.2292099,3
"396",2014-09-04 14:40:44,32.27555847,-117.22463989,3
"397",2014-09-04 15:07:57,32.27283096,-117.2011795,3
"398",2014-09-04 15:15:56,32.27346802,-117.19423676,3
"399",2014-09-04 15:53:23,32.27975845,-117.16576385,3
"400",2014-09-04 16:02:39,32.27788544,-117.15936279,3
"401",2014-09-04 16:22:09,32.27119064,-117.14758301,3
"402",2014-09-04 18:49:18,32.20582199,-117.06719208,3
"403",2014-09-04 19:10:30,32.19214249,-117.06234741,3
"404",2014-09-04 19:24:55,32.18121719,-117.0615921,3
"405",2014-09-04 19:54:43,32.16057205,-117.06246185,3
"406",2014-09-04 20:02:07,32.15578461,-117.06594086,3
"407",2014-09-04 20:08:31,32.14987564,-117.06721497,3
"408",2014-09-04 21:45:13,32.08538818,-117.03595734,3
"409",2014-09-04 21:52:01,32.08309937,-117.03141022,3
"410",2014-09-05 00:56:03,31.96425438,-116.98713684,3
"411",2014-09-05 02:28:18,31.89265442,-116.96643066,3
"412",2014-09-05 02:56:15,31.87349319,-116.95676422,3
"413",2014-09-05 03:15:50,31.85910988,-116.94947052,3
"414",2014-09-05 07:00:37,31.79301262,-116.83130646,3
"415",2014-09-05 07:09:36,31.78989983,-116.82434082,3
"416",2014-09-05 07:51:50,31.77722359,-116.79831696,3
"418",2014-09-05 08:09:30,31.77570152,-116.79283905,3
"419",2014-09-05 10:19:00,31.71964836,-116.73294067,3
"420",2014-09-05 10:45:11,31.70682716,-116.72136688,3
"421",2014-09-05 10:54:11,31.70314789,-116.71784973,3
"422",2014-09-05 11:14:37,31.69206619,-116.70650482,3
"423",2014-09-05 11:23:41,31.68745804,-116.70362854,3
"424",2014-09-05 11:33:25,31.68222237,-116.69942474,3
"425",2014-09-05 11:42:36,31.67713165,-116.69758606,3
"426",2014-09-05 12:18:03,31.65915871,-116.68721008,3
"427",2014-09-05 12:36:51,31.65050697,-116.6823349,3
"428",2014-09-05 12:48:12,31.64473534,-116.68025208,3
"429",2014-09-05 12:55:01,31.63983154,-116.68001556,3
"430",2014-09-05 13:13:54,31.62699318,-116.67894745,3
"431",2014-09-05 13:22:51,31.62081337,-116.67871857,3
"432",2014-09-05 13:31:16,31.61567688,-116.67980957,3
"433",2014-09-05 13:34:54,31.61281204,-116.68040466,3
"434",2014-09-05 13:47:11,31.60463524,-116.68135834,3
"435",2014-09-05 13:57:28,31.60073853,-116.68086243,3
"436",2014-09-05 14:07:12,31.59310341,-116.67961884,3
"437",2014-09-05 14:14:15,31.58675766,-116.68022919,3
"438",2014-09-05 14:23:16,31.5798893,-116.68296051,3
"439",2014-09-05 14:35:50,31.57678223,-116.69097137,3
"440",2014-09-05 14:46:30,31.57621574,-116.69919586,3
"441",2014-09-05 14:52:37,31.57406616,-116.70385742,3
"442",2014-09-05 15:02:45,31.56679916,-116.70737457,3
"443",2014-09-05 15:15:04,31.55689049,-116.70796967,3
"444",2014-09-05 15:24:23,31.54926491,-116.70787811,3
"445",2014-09-05 15:35:56,31.54106522,-116.7066803,3
"446",2014-09-05 15:46:47,31.53257179,-116.70761108,3
"447",2014-09-05 15:55:30,31.52585793,-116.70735168,3
"448",2014-09-05 16:06:15,31.51900673,-116.70381165,3
"449",2014-09-05 16:27:01,31.50368118,-116.69781494,3
"450",2014-09-05 16:49:05,31.49084282,-116.6916275,3
"451",2014-09-05 16:59:10,31.48142815,-116.68688202,3
"452",2014-09-05 18:35:03,31.42073441,-116.6348877,3
"453",2014-09-05 18:46:23,31.41461563,-116.63097382,3
"454",2014-09-05 19:08:03,31.40418625,-116.62438202,3
"455",2014-09-05 19:18:45,31.39907265,-116.62033844,3
"456",2014-09-05 19:38:31,31.38635635,-116.61345673,3
"457",2014-09-05 20:00:38,31.37441063,-116.60853577,3
"458",2014-09-05 20:23:08,31.3598671,-116.60231781,3
"459",2014-09-05 20:33:50,31.35440254,-116.60086823,3
"460",2014-09-05 20:43:16,31.34802055,-116.6007309,3
"461",2014-09-05 20:53:51,31.3441124,-116.59833527,3
"462",2014-09-05 21:02:55,31.33899117,-116.59674835,3
"463",2014-09-05 21:11:39,31.33445168,-116.59532928,3
"464",2014-09-05 21:43:03,31.31769753,-116.58602142,3
"465",2014-09-05 21:52:10,31.311203,-116.58248901,3
"466",2014-09-05 22:03:32,31.30439568,-116.57785034,3
"467",2014-09-05 22:22:20,31.29383278,-116.57295227,3
"468",2014-09-05 23:29:57,31.24770164,-116.5506897,3
"469",2014-09-05 23:38:51,31.24016571,-116.54881287,3
"470",2014-09-05 23:48:01,31.23432732,-116.54684448,3
"471",2014-09-05 23:56:55,31.22999382,-116.54340363,3
"472",2014-09-06 00:32:37,31.20275497,-116.53416443,3
"473",2014-09-06 02:23:42,31.11671257,-116.54566193,3
"474",2014-09-06 02:57:14,31.10922241,-116.55117798,3
"475",2014-09-06 03:06:00,31.09469223,-116.5480423,3
"476",2014-09-06 03:28:21,31.08055305,-116.53752136,3
"477",2014-09-06 03:35:01,31.07704735,-116.53503418,3
"478",2014-09-06 03:37:16,31.07190132,-116.53124237,3
"479",2014-09-06 04:11:41,31.05637932,-116.52268982,3
"480",2014-09-06 05:30:47,31.0624733,-116.4864502,3
"481",2014-09-06 06:50:56,31.00936699,-116.48462677,3
"482",2014-09-06 10:02:10,30.87967491,-116.4960022,3
"483",2014-09-06 10:47:28,30.85265541,-116.49205017,3
"484",2014-09-06 10:55:08,30.84671402,-116.48954773,3
"485",2014-09-06 11:16:54,30.83405495,-116.48545837,3
"486",2014-09-06 11:24:46,30.81834412,-116.48635101,3
"487",2014-09-06 11:32:59,30.82224846,-116.48233032,3
"488",2014-09-06 11:34:55,30.82082939,-116.48136139,3
"489",2014-09-06 11:45:12,30.81256676,-116.47924805,3
"490",2014-09-06 12:18:01,30.78630447,-116.47467804,3
"491",2014-09-06 12:28:10,30.7780838,-116.47355652,3
"492",2014-09-06 12:41:58,30.76659203,-116.47353363,3
"493",2014-09-06 12:52:57,30.75793266,-116.47303009,3
"494",2014-09-06 12:55:08,30.75736427,-116.47264862,3
"495",2014-09-06 13:03:51,30.7494812,-116.47047424,3
"496",2014-09-06 13:05:59,30.74778366,-116.46934509,3
"498",2014-09-06 13:25:53,30.73199463,-116.46576691,3
"499",2014-09-06 13:28:21,30.72881889,-116.46677399,3
"500",2014-09-06 13:34:02,30.72633362,-116.46331024,3
"501",2014-09-06 13:40:40,30.71578217,-116.46728516,3
"502",2014-09-06 13:46:49,30.71326256,-116.45892334,3
"503",2014-09-06 13:51:10,30.71404839,-116.46022797,3
"504",2014-09-06 14:00:56,30.70642281,-116.45737457,3
"505",2014-09-06 14:06:39,30.70198631,-116.45703888,3
"506",2014-09-06 14:17:10,30.69384575,-116.45588684,3
"507",2014-09-06 14:24:16,30.68977356,-116.45543671,3
"508",2014-09-06 14:51:47,30.67066193,-116.45848846,3
"509",2014-09-06 15:05:32,30.65926552,-116.45884705,3
"510",2014-09-06 15:12:53,30.65353203,-116.4578476,3
"511",2014-09-06 15:16:25,30.65070152,-116.45707703,3
"512",2014-09-06 15:24:05,30.64496422,-116.45675659,3
"513",2014-09-06 15:32:48,30.63841057,-116.45409393,3
"514",2014-09-06 15:37:07,30.63514137,-116.45417023,3
"515",2014-09-06 15:45:17,30.62819862,-116.45439148,3
"516",2014-09-06 15:50:59,30.62448502,-116.45004272,3
"517",2014-09-06 15:53:54,30.62188911,-116.44978333,3
"518",2014-09-06 15:55:12,30.62108231,-116.44939423,3
"519",2014-09-06 15:59:37,30.61806107,-116.44722748,3
"520",2014-09-06 16:03:10,30.61410904,-116.44763947,3
"521",2014-09-06 16:11:21,30.60843468,-116.44482422,3
"522",2014-09-06 16:18:39,30.6015873,-116.44324493,3
"523",2014-09-06 16:28:42,30.59440422,-116.44044495,3
"524",2014-09-06 16:33:07,30.59062576,-116.43795013,3
"525",2014-09-06 16:37:15,30.58726311,-116.43876648,3
"526",2014-09-06 16:40:24,30.5844593,-116.43852234,3
"527",2014-09-06 17:09:39,30.56146622,-116.43452454,3
"529",2014-09-06 17:21:50,30.55177307,-116.43202209,3
"530",2014-09-06 17:27:35,30.54786301,-116.43165588,3
"531",2014-09-06 17:41:46,30.53837204,-116.42722321,3
"532",2014-09-06 18:00:16,30.52102852,-116.42726135,3
"533",2014-09-06 18:17:05,30.50804329,-116.42541504,3
"534",2014-09-06 18:26:02,30.49992371,-116.42475128,3
"535",2014-09-06 18:40:02,30.48954582,-116.42245483,3
"536",2014-09-06 18:42:51,30.48824883,-116.42221069,3
"537",2014-09-06 19:22:10,30.45534325,-116.41532898,3
"538",2014-09-06 19:32:12,30.44788361,-116.4126358,3
"539",2014-09-06 19:38:16,30.44213104,-116.41269684,3
"540",2014-09-06 19:52:43,30.43010521,-116.40885925,3
"541",2014-09-06 20:03:58,30.4209404,-116.40621185,3
"542",2014-09-06 20:13:30,30.412323,-116.40286255,3
"543",2014-09-06 20:22:50,30.40532875,-116.40299225,3
"544",2014-09-06 20:37:10,30.39400673,-116.39714813,3
"545",2014-09-06 20:48:24,30.3852253,-116.39604187,3
"546",2014-09-06 20:57:54,30.37775803,-116.39571381,3
"547",2014-09-06 21:00:51,30.37652588,-116.39491272,3
"548",2014-09-06 21:09:06,30.36868286,-116.39404297,3
"549",2014-09-06 21:17:18,30.36093712,-116.39476776,3
"550",2014-09-06 21:32:48,30.35557175,-116.39144897,3
"551",2014-09-06 21:52:14,30.33525848,-116.39279175,3
"552",2014-09-06 22:11:40,30.31795692,-116.39187622,3
"553",2014-09-06 22:26:51,30.30506325,-116.39237976,3
"554",2014-09-06 22:43:24,30.288517,-116.3910675,3
"555",2014-09-06 22:49:33,30.28571129,-116.39308929,3
"556",2014-09-06 23:01:00,30.27347183,-116.39196014,3
"557",2014-09-06 23:09:13,30.26526642,-116.39009094,3
"558",2014-09-06 23:49:17,30.22620201,-116.3832016,3
"559",2014-09-06 23:57:11,30.21666527,-116.38384247,3
"560",2014-09-07 00:33:50,30.18767929,-116.40250397,3
"561",2014-09-07 00:44:42,30.18055534,-116.40400696,3
"562",2014-09-07 01:01:28,30.16694069,-116.40679932,3
"563",2014-09-07 01:13:27,30.15415001,-116.40649414,3
"564",2014-09-07 02:07:30,30.10369301,-116.40693665,3
"565",2014-09-07 02:09:14,30.09903717,-116.40188599,3
"566",2014-09-07 02:14:07,30.09423637,-116.40181732,3
"567",2014-09-07 02:23:09,30.0834446,-116.40156555,3
"568",2014-09-07 02:32:01,30.07916641,-116.40060425,3
"569",2014-09-07 02:44:50,30.06689835,-116.39849854,3
"570",2014-09-07 03:15:55,30.04671097,-116.38238525,3
"571",2014-09-07 03:43:39,30.02671051,-116.37039185,3
"572",2014-09-07 03:55:34,30.01711273,-116.36697388,3
"573",2014-09-07 04:06:14,30.00733376,-116.36197662,3
"574",2014-09-07 05:05:57,29.97073555,-116.34085083,3
"575",2014-09-07 05:33:35,29.95086479,-116.33137512,3
"576",2014-09-07 05:41:32,29.94467926,-116.32915497,3
"577",2014-09-07 06:40:57,29.89911461,-116.30982971,3
"578",2014-09-07 06:45:34,29.89543343,-116.30599213,3
"579",2014-09-07 07:06:13,29.87910461,-116.29965973,3
"581",2014-09-07 10:16:31,29.71951103,-116.27511597,3
"582",2014-09-07 10:45:04,29.69392967,-116.27220154,3
"583",2014-09-07 10:49:37,29.69075012,-116.27088165,3
"584",2014-09-07 10:53:17,29.68656731,-116.27056885,3
"585",2014-09-07 10:57:54,29.68108177,-116.26863098,3
"586",2014-09-07 11:02:57,29.67860985,-116.26715088,3
"587",2014-09-07 11:07:30,29.67410088,-116.26587677,3
"588",2014-09-07 11:11:23,29.67002869,-116.26463318,3
"589",2014-09-07 11:25:47,29.65737152,-116.25917816,3
"590",2014-09-07 11:30:11,29.6529808,-116.25731659,3
"591",2014-09-07 11:32:54,29.65124893,-116.2555542,3
"592",2014-09-07 11:47:01,29.63632011,-116.25046539,3
"593",2014-09-07 12:03:41,29.62538719,-116.2442627,3
"594",2014-09-07 12:22:40,29.61446381,-116.23842621,3
"595",2014-09-07 12:35:30,29.60515404,-116.23451233,3
"596",2014-09-07 12:42:03,29.59998322,-116.23122406,3
"597",2014-09-07 12:46:13,29.59052849,-116.23793793,3
"598",2014-09-07 12:52:17,29.5863533,-116.2292099,3
"599",2014-09-07 12:54:55,29.59129143,-116.22528076,3
"600",2014-09-07 12:59:55,29.58469009,-116.2213974,3
"601",2014-09-07 13:09:46,29.57538605,-116.21540833,3
"602",2014-09-07 13:41:05,29.55165672,-116.2026825,3
"603",2014-09-07 13:49:23,29.54508972,-116.19743347,3
"604",2014-09-07 13:58:12,29.5370636,-116.19577789,3
"605",2014-09-07 14:09:03,29.52474022,-116.19460297,3
"606",2014-09-07 14:14:17,29.52386475,-116.19068146,3
"607",2014-09-07 14:35:02,29.50866508,-116.18267059,3
"608",2014-09-07 14:55:29,29.49633598,-116.17544556,3
"609",2014-09-07 15:03:16,29.49079323,-116.17129517,3
"610",2014-09-07 15:08:23,29.48727798,-116.16812134,3
"611",2014-09-07 15:17:14,29.48181343,-116.16133881,3
"612",2014-09-07 15:20:53,29.48087502,-116.15795898,3
"613",2014-09-07 15:32:16,29.47390556,-116.14881897,3
"614",2014-09-07 15:55:55,29.45841408,-116.13182068,3
"615",2014-09-07 16:02:40,29.45350647,-116.1275177,3
"616",2014-09-07 16:11:50,29.44779587,-116.12224579,3
"617",2014-09-07 16:48:21,29.42351723,-116.09936523,3
"618",2014-09-07 17:22:17,29.43208122,-116.06528473,3
"619",2014-09-07 17:43:54,29.38689232,-116.06451416,3
"620",2014-09-07 17:58:57,29.38101578,-116.0542984,3
"621",2014-09-07 18:56:11,29.3571682,-116.01541901,3
"622",2014-09-07 19:19:05,29.35710335,-115.99445343,3
"623",2014-09-07 20:24:12,29.35648346,-115.93798065,3
"624",2014-09-07 21:06:29,29.34008217,-115.90313721,3
"625",2014-09-07 21:18:38,29.33268356,-115.89920807,3
"626",2014-09-07 21:54:58,29.30798721,-115.88149261,3
"627",2014-09-07 22:47:41,29.26649666,-115.8706665,3
"628",2014-09-07 23:55:57,29.20898438,-115.88089752,3
"629",2014-09-08 00:03:06,29.20440674,-115.88249969,3
"630",2014-09-08 00:14:57,29.19486618,-115.88597107,3
"631",2014-09-08 02:08:21,29.10438728,-115.90419006,3
"632",2014-09-08 02:52:06,29.09154701,-115.90753937,3
"633",2014-09-08 03:06:01,29.0629425,-115.90589905,3
"634",2014-09-08 03:16:45,29.05490494,-115.90490723,3
"635",2014-09-08 06:04:56,28.9137001,-115.90949249,3
"636",2014-09-08 08:38:47,28.78050041,-115.86651611,3
"637",2014-09-08 10:07:24,28.69785881,-115.83917999,3
"638",2014-09-08 10:38:33,28.67502213,-115.82645416,3
"639",2014-09-08 10:52:38,28.66792107,-115.81350708,3
"640",2014-09-08 11:29:03,28.64535904,-115.78627777,3
"641",2014-09-08 12:03:10,28.61761093,-115.77068329,3
"642",2014-09-08 12:29:04,28.59776688,-115.75918579,3
"643",2014-09-08 12:38:05,28.58842278,-115.75653839,3
"644",2014-09-08 12:41:32,28.58752251,-115.75351715,3
"645",2014-09-08 12:48:48,28.5820713,-115.75022888,3
"646",2014-09-08 12:50:49,28.5804863,-115.74926758,3
"647",2014-09-08 13:09:57,28.56472397,-115.73735809,3
"648",2014-09-08 13:11:16,28.5661335,-115.74178314,3
"649",2014-09-08 13:21:45,28.55859184,-115.73310089,3
"650",2014-09-08 13:23:53,28.55632019,-115.73268127,3
"651",2014-09-08 13:58:49,28.53307533,-115.71256256,3
"652",2014-09-08 14:12:23,28.52193642,-115.70642853,3
"653",2014-09-08 14:22:28,28.51588249,-115.69969177,3
"654",2014-09-08 14:24:40,28.51340294,-115.69966888,3
"655",2014-09-08 14:43:59,28.50403214,-115.68569183,3
"656",2014-09-08 15:04:34,28.49201012,-115.67098236,3
"657",2014-09-08 15:14:49,28.48629379,-115.66300201,3
"658",2014-09-08 15:26:16,28.48090935,-115.6556015,3
"659",2014-09-08 15:37:07,28.4743557,-115.65203094,3
"660",2014-09-08 15:49:35,28.46647072,-115.64722443,3
"661",2014-09-08 16:05:01,28.45766258,-115.64253235,3
"662",2014-09-08 19:08:44,28.34782028,-115.57629395,3
"663",2014-09-08 20:13:49,28.30661964,-115.55474091,3
"664",2014-09-08 21:17:28,28.32562828,-115.60279846,3
"665",2014-09-08 21:31:35,28.31917763,-115.61382294,3
"666",2014-09-08 22:03:55,28.30382156,-115.62976837,3
"667",2014-09-08 22:16:19,28.29582596,-115.63275909,3
"668",2014-09-08 22:24:31,28.29104233,-115.63413239,3
"669",2014-09-09 00:00:28,28.23685837,-115.64109802,3
"670",2014-09-09 00:11:10,28.23026466,-115.64292145,3
"671",2014-09-09 00:26:52,28.21972275,-115.64393616,3
"672",2014-09-09 00:35:10,28.21497726,-115.64439392,3
"673",2014-09-09 00:39:38,28.2134552,-115.64321136,3
"674",2014-09-09 01:01:35,28.19528008,-115.63702393,3
"675",2014-09-09 01:23:04,28.18536568,-115.63816071,3
"676",2014-09-09 01:28:52,28.18042564,-115.63782501,3
"677",2014-09-09 02:00:07,28.16197205,-115.63462067,3
"678",2014-09-09 02:09:44,28.15287781,-115.63294983,3
"679",2014-09-09 02:51:04,28.12364578,-115.62870789,3
"680",2014-09-09 03:12:37,28.10825348,-115.62731934,3
"681",2014-09-09 04:39:53,28.05060959,-115.62449646,3
"682",2014-09-09 04:52:04,28.04231834,-115.62287903,3
"683",2014-09-09 05:33:57,28.01470184,-115.61638641,3
"685",2014-09-09 06:38:09,27.97276878,-115.62484741,3
"686",2014-09-09 07:34:23,27.93716431,-115.63922119,3
"687",2014-09-09 08:09:00,27.91305923,-115.64361572,3
"688",2014-09-09 08:18:20,27.90391541,-115.6475296,3
"689",2014-09-09 08:25:16,27.90685844,-115.64027405,3
"690",2014-09-09 08:35:37,27.89379501,-115.64619446,3
"691",2014-09-09 09:58:36,27.83312988,-115.65299988,3
"692",2014-09-09 10:07:20,27.82621002,-115.65378571,3
"693",2014-09-09 10:15:04,27.8201828,-115.65499878,3
"694",2014-09-09 10:21:21,27.81560135,-115.65612793,3
"695",2014-09-09 10:28:40,27.80971718,-115.65745544,3
"696",2014-09-09 10:35:39,27.8045845,-115.65750122,3
"697",2014-09-09 10:44:34,27.79741859,-115.65875244,3
"698",2014-09-09 10:53:04,27.79086304,-115.65949249,3
"699",2014-09-09 10:59:43,27.78448105,-115.66051483,3
"700",2014-09-09 11:09:20,27.77765846,-115.66055298,3
"701",2014-09-09 11:13:33,27.77448845,-115.66092682,3
"702",2014-09-09 11:20:57,27.76898003,-115.66107941,3
"703",2014-09-09 11:26:59,27.76431084,-115.66134644,3
"704",2014-09-09 11:36:27,27.75763702,-115.66125488,3
"705",2014-09-09 11:44:42,27.75252342,-115.661026,3
"706",2014-09-09 11:48:08,27.75026131,-115.66064453,3
"707",2014-09-09 12:07:36,27.73755074,-115.66088104,3
"708",2014-09-09 12:16:49,27.73179626,-115.65914154,3
"709",2014-09-09 12:22:25,27.72856712,-115.65860748,3
"710",2014-09-09 12:28:51,27.72460938,-115.6570282,3
"711",2014-09-09 12:37:12,27.71939659,-115.65601349,3
"712",2014-09-09 12:44:05,27.71553802,-115.65532684,3
"713",2014-09-09 12:53:00,27.70980644,-115.65425873,3
"714",2014-09-09 13:02:39,27.70345116,-115.65406036,3
"715",2014-09-09 13:14:31,27.69528961,-115.65373993,3
"716",2014-09-09 13:23:40,27.68897629,-115.65314484,3
"717",2014-09-09 13:41:06,27.67015648,-115.65251923,3
"718",2014-09-09 13:50:52,27.67019272,-115.65183258,3
"719",2014-09-09 14:02:58,27.66255569,-115.65107727,3
"720",2014-09-09 14:12:48,27.65759659,-115.6506958,3
"721",2014-09-09 14:21:31,27.65321541,-115.65099335,3
"722",2014-09-09 14:32:50,27.64541817,-115.64989471,3
"723",2014-09-09 14:41:42,27.63984871,-115.65054321,3
"724",2014-09-09 14:50:21,27.63516235,-115.6496582,3
"725",2014-09-09 15:00:38,27.62890625,-115.65079498,3
"726",2014-09-09 15:10:34,27.6232338,-115.64998627,3
"727",2014-09-09 15:19:58,27.61775398,-115.64904022,3
"728",2014-09-09 15:30:53,27.61171341,-115.64675903,3
"729",2014-09-09 15:40:02,27.606493,-115.64622498,3
"730",2014-09-09 15:49:39,27.60072327,-115.64602661,3
"731",2014-09-09 15:55:59,27.59779549,-115.64583588,3
"732",2014-09-09 16:06:42,27.59236336,-115.64420319,3
"733",2014-09-09 16:17:18,27.58687019,-115.64329529,3
"734",2014-09-09 16:26:26,27.58172989,-115.64208221,3
"735",2014-09-09 16:36:44,27.57698441,-115.63980865,3
"736",2014-09-09 16:48:13,27.57150269,-115.63592529,3
"737",2014-09-09 16:54:45,27.56839561,-115.63533783,3
"738",2014-09-09 16:57:15,27.56505203,-115.63523865,3
"739",2014-09-09 17:10:44,27.56131554,-115.63272858,3
"740",2014-09-09 17:21:49,27.55658913,-115.62998199,3
"741",2014-09-09 17:32:24,27.55135536,-115.62625122,3
"742",2014-09-09 17:41:23,27.54504395,-115.6263504,3
"743",2014-09-09 17:50:53,27.54168129,-115.62263489,3
"744",2014-09-09 18:00:15,27.53652191,-115.62023926,3
"745",2014-09-09 18:22:01,27.5252285,-115.61526489,3
"746",2014-09-09 18:32:30,27.51959991,-115.61283112,3
"747",2014-09-09 18:42:56,27.51456642,-115.60919189,3
"748",2014-09-09 18:52:01,27.50950813,-115.60643768,3
"749",2014-09-09 19:13:23,27.49904633,-115.60038757,3
"750",2014-09-09 19:24:49,27.49287987,-115.59644318,3
"751",2014-09-09 19:35:05,27.48471832,-115.5927887,3
"752",2014-09-09 19:54:47,27.47921181,-115.58501434,3
"753",2014-09-09 19:56:53,27.47817039,-115.5839386,3
"754",2014-09-09 20:07:43,27.47191238,-115.57914734,3
"755",2014-09-09 20:21:31,27.46482086,-115.5735321,3
"756",2014-09-09 20:31:53,27.45941734,-115.56972504,3
"757",2014-09-09 20:43:59,27.4530735,-115.56625366,3
"758",2014-09-09 20:53:59,27.44850922,-115.56244659,3
"759",2014-09-09 21:03:39,27.44449806,-115.5589447,3
"760",2014-09-09 21:14:20,27.43861771,-115.55475616,3
"761",2014-09-09 21:25:19,27.43273926,-115.54860687,3
"762",2014-09-09 21:36:10,27.42627907,-115.54420471,3
"763",2014-09-09 21:45:32,27.42095375,-115.53949738,3
"764",2014-09-09 22:10:02,27.40503502,-115.52677917,3
"765",2014-09-09 22:18:51,27.39970398,-115.52257538,3
"766",2014-09-09 22:39:58,27.38834381,-115.51590729,3
"767",2014-09-09 22:47:21,27.387043,-115.5093689,3
"768",2014-09-09 22:59:12,27.3743515,-115.50770569,3
"769",2014-09-09 23:32:07,27.35590172,-115.49125671,3
"770",2014-09-09 23:41:04,27.34945297,-115.48805237,3
"771",2014-09-09 23:48:27,27.34472084,-115.48451996,3
"772",2014-09-09 23:59:11,27.33829498,-115.48013306,3
"773",2014-09-10 00:20:58,27.32279396,-115.47219086,3
"774",2014-09-10 00:31:47,27.31429482,-115.46860504,3
"775",2014-09-10 00:40:39,27.30784225,-115.46550751,3
"776",2014-09-10 00:51:14,27.29970169,-115.46095276,3
"777",2014-09-10 00:58:03,27.2950573,-115.45867157,3
"778",2014-09-10 01:07:51,27.28795052,-115.45574188,3
"779",2014-09-10 01:24:11,27.27555275,-115.44900513,3
"780",2014-09-10 01:44:40,27.26088905,-115.44223022,3
"781",2014-09-10 01:55:21,27.25335693,-115.43920898,3
"782",2014-09-10 02:00:40,27.25100136,-115.44313812,3
"783",2014-09-10 02:12:53,27.24179459,-115.43327332,3
"784",2014-09-10 02:19:59,27.23583794,-115.43228912,3
"785",2014-09-10 03:36:53,27.18175697,-115.41035461,3
"786",2014-09-10 04:15:01,27.15723801,-115.40354156,3
"787",2014-09-10 04:35:13,27.14661217,-115.39879608,3
"788",2014-09-10 04:54:13,27.13484573,-115.39306641,3
"789",2014-09-10 05:04:56,27.1312542,-115.39172363,3
"790",2014-09-10 05:09:13,27.12894821,-115.39128113,3
"791",2014-09-10 05:16:44,27.12764359,-115.38858795,3
"792",2014-09-10 05:28:50,27.1225853,-115.38539124,3
"793",2014-09-10 05:46:08,27.11842918,-115.37911987,3
"794",2014-09-10 05:53:20,27.11573792,-115.37555695,3
"795",2014-09-10 06:01:46,27.112957,-115.37197113,3
"796",2014-09-10 06:14:49,27.1077652,-115.36907196,3
"797",2014-09-10 06:19:27,27.10429192,-115.36885071,3
"798",2014-09-10 06:28:14,27.10114861,-115.35803986,3
"799",2014-09-10 06:40:58,27.09690475,-115.35122681,3
"800",2014-09-10 06:57:06,27.09269333,-115.34360504,3
"801",2014-09-10 07:03:05,27.08857155,-115.33860016,3
"802",2014-09-10 07:08:30,27.08923531,-115.3374939,3
"803",2014-09-10 07:23:38,27.08386421,-115.32946777,3
"804",2014-09-10 07:43:18,27.0732708,-115.32090759,3
"805",2014-09-10 07:57:23,27.06800079,-115.31719208,3
"806",2014-09-10 08:10:11,27.06121635,-115.31167603,3
"807",2014-09-10 08:24:15,27.05102348,-115.30930328,3
"808",2014-09-10 08:41:05,27.04615021,-115.29849243,3
"809",2014-09-10 09:09:04,27.02987862,-115.28934479,3
"810",2014-09-10 09:40:03,27.00881195,-115.2802124,3
"811",2014-09-10 09:51:58,27.00216484,-115.27574921,3
"812",2014-09-10 09:56:20,26.99950409,-115.27442169,3
"813",2014-09-10 10:14:46,26.98861313,-115.26959229,3
"814",2014-09-10 10:27:22,26.98110199,-115.26690674,3
"815",2014-09-10 10:34:54,26.98009109,-115.26251221,3
"816",2014-09-10 10:51:01,26.96714973,-115.25885773,3
"817",2014-09-10 10:57:14,26.96492195,-115.25610352,3
"818",2014-09-10 11:01:15,26.96235847,-115.25507355,3
"819",2014-09-10 11:16:28,26.95389557,-115.24868011,3
"820",2014-09-10 11:26:51,26.94849014,-115.24490356,3
"821",2014-09-10 11:41:24,26.94116783,-115.23950195,3
"822",2014-09-10 11:47:54,26.93848991,-115.23665619,3
"823",2014-09-10 11:51:36,26.93668938,-115.23518372,3
"824",2014-09-10 11:56:33,26.93436241,-115.23283386,3
"825",2014-09-10 12:12:03,26.92584991,-115.22712708,3
"826",2014-09-10 12:19:18,26.92163849,-115.22470856,3
"827",2014-09-10 12:41:03,26.9096508,-115.2165451,3
"828",2014-09-10 12:51:18,26.90348625,-115.21198273,3
"829",2014-09-10 13:02:45,26.89759254,-115.20715332,3
"830",2014-09-10 13:04:58,26.89650154,-115.20592499,3
"831",2014-09-10 13:22:37,26.88632774,-115.1986618,3
"832",2014-09-10 13:39:13,26.87730026,-115.19153595,3
"833",2014-09-10 13:48:22,26.87182236,-115.18753052,3
"834",2014-09-10 13:58:36,26.86794472,-115.18197632,3
"835",2014-09-10 14:09:33,26.85911179,-115.17852783,3
"836",2014-09-10 14:16:44,26.85465431,-115.17536926,3
"837",2014-09-10 14:19:02,26.85355568,-115.17424011,3
"838",2014-09-10 14:31:00,26.84582901,-115.16912079,3
"839",2014-09-10 14:32:52,26.84450722,-115.16841125,3
"840",2014-09-10 14:44:58,26.8378582,-115.16239166,3
"841",2014-09-10 14:56:25,26.8316288,-115.15751648,3
"842",2014-09-10 15:06:06,26.82598686,-115.15338135,3
"843",2014-09-10 15:18:17,26.81987953,-115.14817047,3
"844",2014-09-10 15:29:05,26.81396866,-115.14385986,3
"845",2014-09-10 15:40:17,26.80669785,-115.1394043,3
"846",2014-09-10 15:50:38,26.80022621,-115.13468933,3
"847",2014-09-10 16:03:47,26.79212189,-115.12835693,3
"848",2014-09-10 16:13:58,26.78765488,-115.12456512,3
"849",2014-09-10 16:16:40,26.78463554,-115.1222229,3
"850",2014-09-10 16:43:11,26.77055168,-115.11051178,3
"851",2014-09-10 17:20:54,26.75013542,-115.09325409,3
"852",2014-09-10 17:46:37,26.73605156,-115.085495,3
"853",2014-09-10 17:57:42,26.73096848,-115.07872772,3
"854",2014-09-10 18:04:46,26.72515869,-115.07962799,3
"855",2014-09-10 18:13:21,26.72311974,-115.07126617,3
"856",2014-09-10 18:25:06,26.71608543,-115.06645203,3
"857",2014-09-10 18:32:36,26.71209717,-115.06201172,3
"858",2014-09-10 18:42:19,26.70630264,-115.05699921,3
"859",2014-09-10 18:52:13,26.69044876,-115.05047607,3
"860",2014-09-10 19:04:23,26.6939373,-115.04515839,3
"861",2014-09-10 19:14:54,26.68766403,-115.04007721,3
"862",2014-09-10 19:24:18,26.68451691,-115.03276062,3
"863",2014-09-10 19:33:47,26.67617035,-115.02923584,3
"864",2014-09-10 19:43:45,26.67002106,-115.02309418,3
"865",2014-09-10 19:55:06,26.66336632,-115.01570892,3
"866",2014-09-10 20:06:58,26.65567398,-115.00843048,3
"867",2014-09-10 20:22:54,26.64277267,-114.99947357,3
"868",2014-09-10 20:32:57,26.63689423,-114.99314117,3
"869",2014-09-10 20:54:47,26.62197876,-114.97989655,3
"870",2014-09-10 21:11:39,26.60803223,-114.97219849,3
"871",2014-09-10 21:22:37,26.60266876,-114.96554565,3
"872",2014-09-10 21:33:56,26.59408569,-114.95982361,3
"873",2014-09-10 22:05:01,26.57219887,-114.94335175,3
"874",2014-09-10 22:28:03,26.55804062,-114.93362427,3
"875",2014-09-10 23:20:46,26.52325058,-114.90241241,3
"876",2014-09-11 00:14:47,26.48600197,-114.87332916,3
"877",2014-09-11 00:24:32,26.47900581,-114.86959839,3
"878",2014-09-11 00:30:29,26.47480202,-114.86602783,3
"879",2014-09-11 00:33:47,26.47297668,-114.86380005,3
"880",2014-09-11 00:43:57,26.4643116,-114.85857391,3
"881",2014-09-11 00:56:04,26.45764542,-114.85468292,3
"882",2014-09-11 01:08:52,26.44968987,-114.84873962,3
"883",2014-09-11 01:16:14,26.44182396,-114.8451004,3
"884",2014-09-11 01:32:23,26.43078041,-114.83805847,3
"885",2014-09-11 01:39:59,26.42506409,-114.83443451,3
"886",2014-09-11 01:45:09,26.42123795,-114.83141327,3
"887",2014-09-11 01:52:42,26.41544151,-114.82691956,3
"888",2014-09-11 02:05:51,26.40553284,-114.81931305,3
"889",2014-09-11 02:07:48,26.40463257,-114.81791687,3
"890",2014-09-11 02:19:28,26.39683151,-114.81024933,3
"891",2014-09-11 02:23:34,26.39443016,-114.80727386,3
"892",2014-09-11 02:26:29,26.39216042,-114.8055954,3
"893",2014-09-11 02:31:01,26.38900375,-114.80311584,3
"894",2014-09-11 02:35:33,26.38582993,-114.79943085,3
"895",2014-09-11 02:40:52,26.38151932,-114.79568481,3
"896",2014-09-11 03:09:33,26.36715508,-114.77873993,3
"897",2014-09-11 03:31:18,26.3523941,-114.75570679,3
"898",2014-09-11 03:35:16,26.35240364,-114.75901794,3
"899",2014-09-11 03:39:50,26.34997749,-114.75469208,3
"900",2014-09-11 03:54:26,26.33968353,-114.7417984,3
"901",2014-09-11 04:48:11,26.31391144,-114.70070648,3
"902",2014-09-11 04:59:05,26.30870819,-114.69218445,3
"903",2014-09-11 05:05:04,26.30504417,-114.68807983,3
"904",2014-09-11 05:45:44,26.28312492,-114.65840912,3
"905",2014-09-11 05:52:06,26.27977371,-114.65441895,3
"906",2014-09-11 06:25:00,26.25862694,-114.63053131,3
"907",2014-09-11 06:42:08,26.24848175,-114.61820221,3
"908",2014-09-11 06:54:02,26.24162483,-114.60916901,3
"909",2014-09-11 06:59:04,26.23800659,-114.60588837,3
"910",2014-09-11 07:07:52,26.23191833,-114.59880066,3
"911",2014-09-11 08:55:42,26.17163277,-114.534729,3
"912",2014-09-11 09:52:44,26.13565445,-114.50421906,3
"913",2014-09-11 09:57:39,26.13297462,-114.50140381,3
"914",2014-09-11 10:00:03,26.13151741,-114.50009918,3
"915",2014-09-11 10:13:45,26.12309074,-114.49286652,3
"916",2014-09-11 10:33:08,26.10988045,-114.48233795,3
"917",2014-09-11 10:42:29,26.10352325,-114.47738647,3
"918",2014-09-11 10:47:10,26.10030937,-114.47424316,3
"919",2014-09-11 11:01:12,26.09236526,-114.46588898,3
"920",2014-09-11 11:28:26,26.0784626,-114.44832611,3
"921",2014-09-11 11:35:13,26.07475662,-114.44406891,3
"922",2014-09-11 11:45:56,26.06859207,-114.43745422,3
"923",2014-09-11 11:47:50,26.06765175,-114.4367981,3
"924",2014-09-11 12:06:17,26.05855751,-114.43295288,3
"925",2014-09-11 12:23:00,26.04643059,-114.41519165,3
"926",2014-09-11 12:30:08,26.04245758,-114.41109467,3
"927",2014-09-11 12:40:34,26.03696442,-114.40553284,3
"928",2014-09-11 12:44:02,26.03419685,-114.40239716,3
"929",2014-09-11 12:46:23,26.03279114,-114.40068054,3
"930",2014-09-11 13:00:48,26.02375221,-114.3914566,3
"931",2014-09-11 13:02:48,26.02249527,-114.39028931,3
"932",2014-09-11 13:14:12,26.016922,-114.38302612,3
"933",2014-09-11 13:18:11,26.01458359,-114.38005829,3
"934",2014-09-11 13:26:46,26.01004982,-114.37397003,3
"935",2014-09-11 13:34:53,26.0057373,-114.36823273,3
"936",2014-09-11 13:37:24,26.00567055,-114.36643982,3
"937",2014-09-11 14:02:05,25.99073982,-114.34963226,3
"938",2014-09-11 14:13:01,25.9859581,-114.34267426,3
"939",2014-09-11 14:15:04,25.9845562,-114.34108734,3
"940",2014-09-11 14:21:22,25.98202896,-114.33731842,3
"941",2014-09-11 14:36:56,25.97475052,-114.3285141,3
"942",2014-09-11 14:42:17,25.97304344,-114.32561493,3
"943",2014-09-11 14:53:47,25.96843719,-114.31841278,3
"944",2014-09-11 14:57:42,25.96679115,-114.31630707,3
"945",2014-09-11 15:10:57,25.96124268,-114.30942535,3
"946",2014-09-11 15:13:53,25.95994377,-114.30760956,3
"947",2014-09-11 15:26:38,25.95604515,-114.30091858,3
"948",2014-09-11 15:38:22,25.95157623,-114.29442596,3
"949",2014-09-11 15:41:21,25.95081139,-114.29259491,3
"950",2014-09-11 16:02:58,25.96180725,-114.28700256,3
"951",2014-09-11 16:16:11,25.96677017,-114.27990723,3
"952",2014-09-11 16:30:14,25.96658134,-114.27242279,3
"953",2014-09-11 16:44:42,25.96703148,-114.26403046,3
"954",2014-09-11 16:58:23,25.96744728,-114.25537872,3
"955",2014-09-11 17:04:53,25.96832657,-114.25015259,3
"956",2014-09-11 17:17:55,25.96493912,-114.24552917,3
"957",2014-09-11 17:24:28,25.96409035,-114.24240875,3
"958",2014-09-11 17:37:52,25.96150398,-114.23505402,3
"959",2014-09-11 17:50:37,25.95985794,-114.22568512,3
"960",2014-09-11 18:13:25,25.95349121,-114.21955109,3
"961",2014-09-11 18:40:11,25.94816017,-114.20591736,3
"962",2014-09-11 18:50:16,25.94603348,-114.20109558,3
"963",2014-09-11 18:53:35,25.94574356,-114.19952393,3
"964",2014-09-11 19:08:45,25.94615555,-114.19090271,3
"965",2014-09-11 19:23:17,25.94370842,-114.18182373,3
"966",2014-09-11 19:33:27,25.94213104,-114.17617035,3
"967",2014-09-11 19:44:31,25.94143295,-114.16848755,3
"968",2014-09-11 19:55:13,25.93885803,-114.16314697,3
"969",2014-09-11 20:18:08,25.93441391,-114.14996338,3
"970",2014-09-11 20:28:07,25.92862129,-114.14555359,3
"971",2014-09-11 20:38:38,25.92492485,-114.1403656,3
"972",2014-09-11 20:55:17,25.92015457,-114.13252258,3
"973",2014-09-11 21:06:59,25.9166851,-114.13280487,3
"974",2014-09-11 21:17:29,25.91061783,-114.12748718,3
"975",2014-09-11 21:20:33,25.9083786,-114.12734222,3
"976",2014-09-11 21:34:25,25.9007988,-114.12454224,3
"977",2014-09-11 21:38:19,25.89795303,-114.1235733,3
"978",2014-09-11 21:51:21,25.8923111,-114.11831665,3
"979",2014-09-11 22:06:37,25.88130569,-114.11263275,3
"980",2014-09-11 22:15:00,25.87727356,-114.11029816,3
"981",2014-09-11 22:29:13,25.86925316,-114.10653687,3
"982",2014-09-11 23:01:18,25.85318565,-114.09842682,3
"983",2014-09-11 23:27:18,25.83780861,-114.09249115,3
"984",2014-09-11 23:32:31,25.83732033,-114.09027863,3
"985",2014-09-11 23:49:29,25.8254261,-114.08515167,3
"986",2014-09-11 23:57:22,25.81995201,-114.08422089,3
"987",2014-09-12 00:12:42,25.8102951,-114.0801239,3
"988",2014-09-12 00:14:54,25.80970573,-114.07936859,3
"989",2014-09-12 00:19:46,25.80661774,-114.07918549,3
"990",2014-09-12 00:29:05,25.80015373,-114.07720184,3
"991",2014-09-12 00:42:43,25.79154205,-114.07293701,3
"992",2014-09-12 00:57:53,25.78343391,-114.07195282,3
"993",2014-09-12 01:01:21,25.78110313,-114.07132721,3
"994",2014-09-12 01:07:36,25.77581215,-114.06961823,3
"995",2014-09-12 01:23:24,25.76599121,-114.06573486,3
"996",2014-09-12 01:32:17,25.76006126,-114.06511688,3
"997",2014-09-12 01:34:55,25.7579689,-114.06401825,3
"998",2014-09-12 01:50:06,25.74916649,-114.05963898,3
"999",2014-09-12 01:53:01,25.74609375,-114.05810547,3
"1001",2014-09-12 02:16:02,25.73609543,-114.05037689,3
"1002",2014-09-12 02:20:05,25.73339844,-114.04920197,3
"1003",2014-09-12 02:24:28,25.73134041,-114.04814148,3
"1004",2014-09-12 02:32:38,25.7285881,-114.04550171,3
"1005",2014-09-12 02:53:06,25.71786499,-114.0426178,3
"1006",2014-09-12 03:10:09,25.71310234,-114.0398941,3
"1007",2014-09-12 03:37:11,25.70664215,-114.03591156,3
"1008",2014-09-12 04:05:59,25.70013046,-114.029953,3
"1009",2014-09-12 04:40:26,25.69010925,-114.02368927,3
"1010",2014-09-12 04:52:24,25.68960571,-114.01961517,3
"1011",2014-09-12 05:07:12,25.67862511,-114.02355194,3
"1012",2014-09-12 05:10:08,25.68483543,-114.01473999,3
"1013",2014-09-12 05:20:22,25.68285179,-114.01180267,3
"1014",2014-09-12 05:34:39,25.68027306,-114.00785065,3
"1015",2014-09-12 05:42:01,25.67834282,-114.00519562,3
"1016",2014-09-12 05:52:48,25.6762867,-114.00213623,3
"1017",2014-09-12 06:05:46,25.67357254,-113.9983139,3
"1018",2014-09-12 06:16:17,25.67195129,-113.99586487,3
"1019",2014-09-12 06:26:16,25.67006874,-113.99288177,3
"1020",2014-09-12 06:47:07,25.66518593,-113.98455048,3
"1021",2014-09-12 06:52:20,25.66262245,-113.98051453,3
"1022",2014-09-12 07:07:56,25.6628418,-113.97828674,3
"1023",2014-09-12 08:14:53,25.62810516,-113.96893311,3
"1024",2014-09-12 08:17:10,25.62890053,-113.96577454,3
"1025",2014-09-12 08:43:58,25.61595154,-113.95917511,3
"1026",2014-09-12 09:02:26,25.60761833,-113.95552063,3
"1027",2014-09-12 09:08:54,25.60183144,-113.95298767,3
"1028",2014-09-12 09:34:18,25.59132004,-113.94697571,3
"1029",2014-09-12 09:40:16,25.58597565,-113.94437408,3
"1030",2014-09-12 09:43:11,25.58411026,-113.94326019,3
"1031",2014-09-12 10:01:38,25.57424927,-113.93647003,3
"1032",2014-09-12 10:12:18,25.56770134,-113.93231964,3
"1033",2014-09-12 10:21:19,25.56357193,-113.93002319,3
"1034",2014-09-12 10:23:59,25.56225586,-113.92879486,3
"1035",2014-09-12 10:26:34,25.56054115,-113.92806244,3
"1036",2014-09-12 10:29:41,25.55835533,-113.92723083,3
"1037",2014-09-12 10:33:00,25.55613327,-113.92634583,3
"1038",2014-09-12 10:36:21,25.55421257,-113.92469788,3
"1039",2014-09-12 11:20:06,25.54264641,-113.93024445,3
"1040",2014-09-12 11:23:16,25.54054832,-113.92979431,3
"1041",2014-09-12 11:43:24,25.53389549,-113.92670441,3
"1042",2014-09-12 11:47:37,25.53117561,-113.92539215,3
"1043",2014-09-12 12:00:19,25.52772141,-113.92029572,3
"1044",2014-09-12 12:03:44,25.5244236,-113.92079163,3
"1045",2014-09-12 12:08:35,25.52101135,-113.9199295,3
"1046",2014-09-12 12:16:54,25.5155201,-113.91973114,3
"1047",2014-09-12 12:21:50,25.51171875,-113.92002869,3
"1048",2014-09-12 12:41:34,25.49760437,-113.92697906,3
"1049",2014-09-12 12:56:43,25.48814774,-113.93318939,3
"1050",2014-09-12 12:59:01,25.48754501,-113.93500519,3
"1051",2014-09-12 13:38:03,25.49691772,-113.95555878,3
"1052",2014-09-12 13:42:51,25.49518013,-113.95439148,3
"1053",2014-09-12 14:04:10,25.48701859,-113.95061493,3
"1054",2014-09-12 14:07:08,25.48418808,-113.95098114,3
"1055",2014-09-12 14:27:42,25.47113037,-113.95452118,3
"1056",2014-09-12 14:33:35,25.46842766,-113.95640564,3
"1057",2014-09-12 14:52:07,25.46253014,-113.97298431,3
"1058",2014-09-12 15:01:15,25.46060753,-113.97814178,3
"1059",2014-09-12 15:09:47,25.45788002,-113.98005676,3
"1060",2014-09-12 15:17:38,25.45564651,-113.97807312,3
"1061",2014-09-12 15:22:03,25.4541111,-113.97682953,3
"1062",2014-09-12 15:43:03,25.44883537,-113.95928955,3
"1063",2014-09-12 15:59:16,25.44558716,-113.95292664,3
"1064",2014-09-12 16:32:51,25.43405533,-113.94073486,3
"1065",2014-09-12 16:44:59,25.42840958,-113.93695068,3
"1066",2014-09-12 16:56:26,25.42492676,-113.93276978,3
"1067",2014-09-12 17:00:45,25.42119217,-113.93115234,3
"1068",2014-09-12 17:07:57,25.4192791,-113.92892456,3
"1069",2014-09-12 17:23:11,25.41166115,-113.92678833,3
"1070",2014-09-12 17:32:52,25.40531731,-113.92661285,3
"1071",2014-09-12 17:35:32,25.40373039,-113.92559052,3
"1072",2014-09-12 17:47:22,25.38843727,-113.93506622,3
"1073",2014-09-12 17:55:28,25.40197945,-113.90795898,3
"1074",2014-09-12 18:06:01,25.38667107,-113.92023468,3
"1075",2014-09-12 18:13:16,25.3833313,-113.91874695,3
"1076",2014-09-12 18:23:57,25.37870216,-113.91871643,3
"1077",2014-09-12 18:32:46,25.37545586,-113.91616821,3
"1078",2014-09-12 18:39:34,25.37186432,-113.91584015,3
"1079",2014-09-12 18:41:47,25.37312317,-113.91598511,3
"1080",2014-09-12 18:51:13,25.36622047,-113.91361237,3
"1081",2014-09-12 18:59:10,25.36314011,-113.91281128,3
"1082",2014-09-12 19:08:34,25.3583107,-113.91242218,3
"1083",2014-09-12 19:18:49,25.35335159,-113.91130066,3
"1084",2014-09-12 19:21:17,25.35291481,-113.91043854,3
"1085",2014-09-12 19:29:21,25.34855652,-113.90901947,3
"1086",2014-09-12 19:32:01,25.34664345,-113.90808868,3
"1087",2014-09-12 19:42:44,25.34068298,-113.9059906,3
"1088",2014-09-12 19:52:11,25.33693123,-113.90415192,3
"1089",2014-09-12 20:11:48,25.32605743,-113.90071106,3
"1090",2014-09-12 20:20:43,25.32255363,-113.89794159,3
"1091",2014-09-12 20:23:16,25.32287979,-113.89736938,3
"1092",2014-09-12 20:30:33,25.31690979,-113.89556885,3
"1093",2014-09-12 20:33:34,25.31539536,-113.89487457,3
"1094",2014-09-12 20:52:05,25.30712509,-113.89434052,3
"1095",2014-09-12 21:00:16,25.30356598,-113.89207458,3
"1096",2014-09-12 21:08:41,25.30067635,-113.89038086,3
"1097",2014-09-12 21:20:31,25.29798508,-113.88512421,3
"1098",2014-09-12 21:31:08,25.29665184,-113.88040161,3
"1099",2014-09-12 21:43:02,25.29426193,-113.87509918,3
"1100",2014-09-12 21:55:32,25.29083633,-113.86838531,3
"1101",2014-09-12 22:12:09,25.28852081,-113.86005402,3
"1102",2014-09-12 22:15:24,25.28853226,-113.8598938,3
"1103",2014-09-12 22:18:59,25.28731728,-113.85779572,3
"1104",2014-09-12 22:33:50,25.28803253,-113.85152435,3
"1105",2014-09-12 22:53:37,25.28607368,-113.84372711,3
"1106",2014-09-12 23:51:01,25.29376602,-113.82301331,3
"1107",2014-09-13 00:02:09,25.29773331,-113.81658936,3
"1108",2014-09-13 00:10:38,25.29956818,-113.81227112,3
"1109",2014-09-13 00:29:08,25.30057144,-113.80370331,3
"1110",2014-09-13 00:39:24,25.30026245,-113.79775238,3
"1111",2014-09-13 00:46:28,25.29947281,-113.79308319,3
"1112",2014-09-13 00:52:39,25.2973156,-113.78981781,3
"1113",2014-09-13 00:59:15,25.29516602,-113.78523254,3
"1114",2014-09-13 01:02:32,25.29306221,-113.78207397,3
"1115",2014-09-13 01:15:18,25.28565216,-113.77178955,3
"1116",2014-09-13 01:19:07,25.28521156,-113.76847839,3
"1117",2014-09-13 01:33:52,25.27873039,-113.75680542,3
"1118",2014-09-13 01:36:49,25.28090858,-113.75562286,3
